,none,ocs,ugt,ed,hosp
0,1,0,0,0,0
1,0.949174475,0.022696389,0.023475447,0.00403856,0.000615129
2,0.942265489,0.024941209,0.025796435,0.004845211,0.002151657
3,0.906956633,0.040530107,0.037329738,0.010883826,0.004299696
4,0.824966477,0.083888109,0.066764824,0.016101255,0.008279335
5,0.824966477,0.083888109,0.066764824,0.016101255,0.008279335
50,1,0,0,0,0
100,1,0,0,0,0
