,none,ocs,ugt,ed,hosp
0,1,0,0,0,0
1,0.914100946,0.039136651,0.040466157,0.004375017,0.001921229
2,0.883827862,0.049502009,0.050963189,0.007319237,0.008387702
3,0.807307042,0.080922303,0.076244352,0.017045363,0.01848094
4,0.612612566,0.170907108,0.136274268,0.035211289,0.044994769
5,0.612612566,0.170907108,0.136274268,0.035211289,0.044994769
50,1,0,0,0,0
100,1,0,0,0,0
