,none,ocs,ugt,ed,hosp
0,1,0,0,0,0
1,0.948559487,0.022963323,0.023751544,0.004099514,0.000626132
2,0.941557141,0.025234545,0.026099829,0.004918339,0.002190147
3,0.905799733,0.041006785,0.037768776,0.011048096,0.004376611
4,0.822803515,0.084874724,0.06755005,0.016344271,0.008427439
5,0.822803515,0.084874724,0.06755005,0.016344271,0.008427439
50,1,0,0,0,0
100,1,0,0,0,0
